<?xml version="1.0" encoding="UTF-8"?>
<!DOCTYPE suite SYSTEM "http://testng.org/testng-1.0.dtd">
<suite name="Suite" thread-count="2">
<listeners>
		<listener class-name="mobiotics.sys.utilities.Reporting" />
	</listeners>
     <test name="Test">
           <classes>
              <class name="mobiotics.sys.testCases.NotifyTest"/>
              <class name="mobiotics.sys.testCases.ProviderTest"/>
              <class name="mobiotics.sys.testCases.ReportTest"/>
           </classes>
      </test>
 </suite> 